station_id,dustboy_name,tambon,amphoe,province,dustboy_lat,dustboy_lon
4,ไนท์บาร์ซาร์ ต.ช้างม่อย อ.เมือง จ. เชียงใหม่,ช้างม่อย,เมือง,เชียงใหม่,18.7854765,98.9996602
12,Bear Hug Cafe‚ ต.ช้างคลาน อ.เมือง จ.เชียงใหม่,ช้างคลาน,เมือง,เชียงใหม่,18.7828996,98.9933469
13,มช. แคมปัสแม่เหียะ ต.สุเทพ อ.เมือง จ.เชียงใหม่,สุเทพ,เมือง,เชียงใหม่,18.761371,98.931855
14,รพ.ฝาง ต.เวียง อ.ฝาง จ.เชียงใหม่,เวียง,ฝาง,เชียงใหม่,19.913293,99.206827
16,โรงพยาบาลร้องกวาง ต.ร้องเข็ม อ.ร้องกวาง จ.แพร่,ร้องเข็ม,ร้องกวาง,แพร่,18.307634262860546,100.29124223068229
19,รพ.สารภี ต.สารภี อ.สารภี จ.เชียงใหม่,สารภี,สารภี,เชียงใหม่,18.680982,99.043118
23,รพ.สต.บ้านนากลาง ต.ลี้ อ.ลี้ จ.ลำพูน,บ้านนากลาง,ลี้,ลำพูน,17.7932,99.0196
24,รพ.หางดง ต.หางดง อ.หางดง จ.เชียงใหม่,หางดง,หางดง,เชียงใหม่,18.683101,98.918202
31,รพ.เทพรัตนเวชชานุกูล ต.ช่างเคิ่ง อ.แม่แจ่ม จ.เชียงใหม่,ช่างเคิ่ง,แม่แจ่ม,เชียงใหม่,18.498206,98.379513
33,สสอ.เชียงดาว ต.เชียงดาว อ.เชียงดาว จ. เชียงใหม่,เชียงดาว,เชียงดาว,เชียงใหม่,19.366273,98.964704
35,รพ.ไชยปราการ ต.ศรีดงเย็น อ.ไชยปราการ จ.เชียงใหม่,ศรีดงเย็น,ไชยปราการ,เชียงใหม่,19.705142,99.136872
37,รพ.ส่งเสริมสุขภาพ เขต1 ต.ช้างคลาน อ.เมืองเชียงใหม่ จ.เชียงใหม่,ช้างคลาน,เมืองเชียงใหม่,เชียงใหม่,18.772478,98.995551
38,รพ.ปาย ต.เวียงใต้ อ.ปาย จ.แม่ฮ่องสอน,เวียงใต้,ปาย,แม่ฮ่องสอน,19.36219202482525,98.43767628981094
68,รพ.สบเมย ต.แม่คะตวน อ.สบเมย จ.แม่ฮ่องสอน,แม่คะตวน,สบเมย,แม่ฮ่องสอน,17.964438,97.931447
71,รพ.นาหมื่น ต.บ่อแก้ว อ.นาหมื่น จ.น่าน,บ่อแก้ว,นาหมื่น,น่าน,18.2114676,100.6604297
74,รพ.แม่สาย ต.เวียงพางคำ อ.แม่สาย จ.เชียงราย,เวียงพางคำ,แม่สาย,เชียงราย,20.429559,99.878855
84,ทต.เมืองนะ ต.เมืองนะ อ.เชียงดาว จ.เชียงใหม่,เมืองนะ,เชียงดาว,เชียงใหม่,19.593668784489136,98.96170401010788
85,รพ.สต.เกาะช้าง ต.เกาะช้าง อ.แม่สาย จ.เชียงราย,เกาะช้าง,แม่สาย,เชียงราย,20.421067,99.982670
89,รพ.พร้าว ต.เวียง อ.พร้าว จ.เชียงใหม่,เวียง,พร้าว,เชียงใหม่,19.367391,99.200064
124,รพ.พญาเม็งราย ต.แม่เปา อ.พญาเม็งราย จ.เชียงราย,แม่เปา,พญาเม็งราย,เชียงราย,19.850303790282243,100.14595757300927
199,รพ.ป่าแดด ต.ป่าแดด อ.ป่าแดด จ. เชียงราย,ป่าแดด,ป่าแดด,เชียงราย,19.508281732459178,99.99097574602811
2110,อาคารอเนกประสงค์ของหมู่บ้านคุรุสภา หมู่ที่ 10 ตำบลสันนาเม็ง อ.สันทราย จ.เชียงใหม่ ,,สันทราย,เชียงใหม่,18.83383039,99.0643065
2131,เทศบาลตำบลศรีบัวบาน ต.ศรีบัวบาน อ.เมืองลำพูน จ.ลำพูน,ศรีบัวบาน,เมืองลำพูน,ลำพูน,18.519563,99.082056
2138,รพ.เชียงรายประชานุเคราะห์ ต.รอบเวียง อ.เมือง จ.เชียงราย,รอบเวียง,เมือง,เชียงราย,19.9009819,99.8289068
2208,ศูนย์พัฒนาการจัดสวัสดิการสังคมผู้สูงอายุจังหวัดลำปาง ต.นิคมพัฒนา อ.เมืองลำปาง จ.ลำปาง,นิคมพัฒนา,เมืองลำปาง,ลำปาง,18.418525,99.543508
2209,รร.อนุบาลแม่เมาะ (Outdoor) ต.แม่เมาะ อ.แม่เมาะ จ.ลำปาง,แม่เมาะ,แม่เมาะ,ลำปาง,18.2763,99.64604
2210,ศูนย์พัฒนาเด็กเล็ก (Outdoor) อบต.นาสัก ต.นาสัก อ.แม่เมาะ จ.ลำปาง,นาสัก,แม่เมาะ,ลำปาง,18.31890769287115,99.85434136190965
2211,ศูนย์พัฒนาเด็กเล็ก อบต.สบป้าด ต.สบป้าด อ.แม่เมาะ จ.ลำปาง,สบป้าด,แม่เมาะ,ลำปาง,18.26502476177248,99.76277230128883
2212,โรงเรียนแม่เมาะวิทยา ต.แม่เมาะ อ.แม่เมาะ จ.ลำปาง,แม่เมาะ,แม่เมาะ,ลำปาง,18.278701,99.654477
2214,CR001 ต.บ้านแหวน (Outdoor) อ.หางดง จ.เชียงใหม่,บ้านแหวน (Outdoor),หางดง,เชียงใหม่,18.691161,98.9536681
2216,CR003 ต.บ้านแอ่น (Outdoor) อ.ดอยเต่า จ.เชียงใหม่,บ้านแอ่น (Outdoor),ดอยเต่า,เชียงใหม่,18.03868,98.626983
2217,CR002 ต.บ้านตลาดใหญ่ (Outdoor) อ.ดอยสะเก็ด จ.เชียงใหม่,บ้านตลาดใหญ่ (Outdoor),ดอยสะเก็ด,เชียงใหม่,18.81074,99.1215571
2221,โรงเรียนบ้านฮ่อมต้อ (Outdoor) ต.ลี้ อ.ลี้ จ. ลำพูน,ลี้,ลี้,ลำพูน,17.8029,98.9618
2223,CR005 (Outdoor)  ต.แม่ปูคา อ.สันกำแพง จ.เชียงใหม่ ,แม่ปูคา,สันกำแพง,เชียงใหม่,18.779235,99.12995
2224,CR004 ต.แม่ปูคา อ.สันกำแพง จ.เชียงใหม่,แม่ปูคา,สันกำแพง,เชียงใหม่,18.782373,99.130623
2225,CR008 (Outdoor) ต.สันกำแพง อ.สันกำแพง จ.เชียงใหม่ ,สันกำแพง,สันกำแพง,เชียงใหม่,18.745304,99.096687
2227,CR007 (Outdoor) ต.ร้องวัวแดง อ.สันกำแพง จ.เชียงใหม่ ,ร้องวัวแดง,สันกำแพง,เชียงใหม่,18.6486853,99.0460533
2229,CR015 (Outdoor) ต.สันกำแพง อ.สันกำแพง จ.เชียงใหม่ ,สันกำแพง,สันกำแพง,เชียงใหม่,18.755857,99.084925
2232,CR006 (Outdoor)ต.บวกค้าง อ.สันกำแพง จ.เชียงใหม่ ,บวกค้าง,สันกำแพง,เชียงใหม่,18.670503,99.094027
2233,CR019 (Outdoor)  ต.สันทรายน้อย อ.สันทราย จ.เชียงใหม่,สันทรายน้อย,สันทราย,เชียงใหม่,18.83377111,99.03058965
2236,CR017 (Outdoor)  ต.สันกลาง อ.สันกำแพง จ.เชียงใหม่ ,สันกลาง,สันกำแพง,เชียงใหม่,18.766949,99.056724
3111,หน้าห้องกลุ่มงานอาชีวเวชกรรม รพ.ศรีสังวาลย์ อ.เมือง จ.แม่ฮ่องสอน,,เมือง,แม่ฮ่องสอน,19.298647,97.971341
3112,บริษัท ฮาร์ท ทู เอิร์ธ จำกัด ต.บ้านแหวน อ.หางดง จ.เชียงใหม่,บ้านแหวน,หางดง,เชียงใหม่,18.698035246404757,98.94241849592191
3115,ห้างหุ้นส่วนจำกัด ต.ดริ๊งค์ ต.สันกลาง อ.สันกำแพง จ.เชียงใหม่,ดริ๊งค์,สันกำแพง,เชียงใหม่,18.781936056940363,99.05067278650584
3116,โรงพยาบาลเวียงแหง อ.เวียงแหง จ.เชียงใหม่,,เวียงแหง,เชียงใหม่,19.560701870696757,98.63519183068554
3119,โรงเรียนนาสัก หมู่บ้านนาสัก ต.นาสัก อ.แม่เมาะ จ.ลำปาง,นาสัก,แม่เมาะ,ลำปาง,18.34913,99.85689
3131,โรงเรียนบ้านแม่ส้าน หมู่บ้านบ้านแม่ส้าน ต.บ้านดง อ.แม่เมาะ จ.ลำปาง,บ้านดง,แม่เมาะ,ลำปาง,18.626830590080573,99.77390286858741
3167,องค์การบริหารส่วนตำบลร้องวัวแดง อ.สันกำแพง จ.ชียงใหม่,,สันกำแพง,ชียงใหม่,18.741907630795506,99.19300997280308
3168,ศูนย์ฟื้นฟูสมรรถภาพผู้มีภาวะพึ่งพิงตำบลร้องวัวแดง อ.สันกำแพง จ.เชียงใหม่,,สันกำแพง,เชียงใหม่,18.7421001,99.169332
3176,บริษัท เชอวาล เทคโนโลยี่ จำกัด ต.แช่ช้าง อ.สันกำแพง จ.เชียงใหม่,แช่ช้าง,สันกำแพง,เชียงใหม่,18.71722014798745,99.14964624417642
3178,บริษัท ไบโอ ครีโนเวชั่น จำกัด ต.สันกลาง อ.สันป่าตอง จ.เชียงใหม่,สันกลาง,สันป่าตอง,เชียงใหม่,18.672205344185564,98.88099005769877
3237,โรงพยาบาลแม่ตื่น ต.แม่ตื่น อ.อมก๋อย จ.เชียงใหม่,แม่ตื่น,อมก๋อย,เชียงใหม่,17.40323192,98.45616854
3252,รพ.สต.แม่ลาว อ.เชียงคำ จ.พะเยา,แม่ลาว,เชียงคำ,พะเยา,19.45484,100.34713
3253,รพ.สต.เวียง อ.เชียงคำ จ.พะเยา,เวียง,เชียงคำ,พะเยา,19.495617,100.32716
3254,รพ.สต.บ้านหนองป่าแพะ ต.ร่มเย็น อ.เชียงคำ จ.พะเยา,บ้านหนองป่าแพะ,เชียงคำ,พะเยา,19.56215610878421,100.36477274602342
3256,รพ.สต.ท่าวังทอง  อ.มือง จ.พะเยา,ท่าวังทอง,มือง,พะเยา,19.196881,99.941231
3257,อบต.สระ จ.พะเยา,สระ,,พะเยา,18.9224169,100.2264489
3258,รพ.สต.ดอกคำใต้ ต.ดอกคำใต้ อ.ดอกคำใต้ จ.พะเยา,ดอกคำใต้,ดอกคำใต้,พะเยา,19.163597204671166,99.98369462154012
3260,รพ.สต.ดงสุวรรณ อ.ดอกคำใต้ จ.พะเยา,ดงสุวรรณ,ดอกคำใต้,พะเยา,19.24152,100.04922
3261,เทศบาลตำบลสันป่าม่วง  อ.เมืองพะเยา จ.พะเยา,,เมืองพะเยา,พะเยา,19.177165,99.834642
3264,เทศบาลเมืองพะเยา  อ.เมือง จ.พะเยา,,เมือง,พะเยา,19.1651,99.903276
3265,เทศบาลตำบลงิม อ.ปง จ.พะเยา,,ปง,พะเยา,19.26654,100.36773
3267,รพ.สต.บ้านฮวก ต.ภูซาง อ.ภูซาง จ.พะเยา,บ้านฮวก,ภูซาง,พะเยา,19.684366,100.413912
3268,รพ.สต.บ้านฝายกวาง  อ.เชียงคำ จ.พะเยา,บ้านฝายกวาง,เชียงคำ,พะเยา,19.476923,100.332072
3270,โรงพยาบาลภูซาง อ.ภูซาง จ.พะเยา,,ภูซาง,พะเยา,19.6101513,100.3369081
3272,โรงพยาบาลส่งเสริมสุขภาพตำบลควร อ.ปง จ.พะเยา,,ปง,พะเยา,19.1591794779116,100.32152642318447
3273,รพ.เชียงม่วน ต.เชียงม่วน อ.เชียงม่วน จ. พะเยา,เชียงม่วน,เชียงม่วน,พะเยา,18.89515,100.29346
3274,รพ.สต.บ้านสักลอ อ.จุน จ.พะเยา,บ้านสักลอ,จุน,พะเยา,19.521310741423473,100.10119565397656
3275,รพ.สต. บ้านต๊ำ  อ.เมือง จ.พะเยา,บ้านต๊ำ,เมือง,พะเยา,19.219515444433398,99.83213085767056
3276,รพ.สต.ทุ่งกล้วย  อ.ภูซาง จ.พะเยา,ทุ่งกล้วย,ภูซาง,พะเยา,19.5892366867428,100.374089721886
3278,รพ.สต.บ้านบ่อเบี้ย อ.เชียงม่วน จ.พะเยา,บ้านบ่อเบี้ย,เชียงม่วน,พะเยา,18.84875141739056,100.16952775397657
3279,สำนักงานสาธารณสุขจังหวัดแม่ฮ่องสอน ต.จองคำ อ.เมือง จ.แม่ฮ่องสอน,จองคำ,เมือง,แม่ฮ่องสอน,19.2871508722744,97.9630168536774
3280,โรงเรียนบ้านโฮ่ง  ต.ลี้ อ.ลี้ จ.ลำพูน,ลี้,ลี้,ลำพูน,17.7748,98.9974
3281, ศพด.บ้านกลาง เทศบาลตำบลลี้ อ.ลี้  จ.ลำพูน  ,,ลี้,ลำพูน,17.7663,98.9972
3282,เทศบาลตำบลทากาศ ต.ทากาศ อ.แม่ทา จ.ลำพูน,ทากาศ,แม่ทา,ลำพูน,18.4161025,99.0033274
3285,เทศบาลเมืองลำพูน สถานีดับเพลิง ต.ในเมือง อ.เมืองลำพูน จ.ลำพูน,ในเมือง,เมืองลำพูน,ลำพูน,18.578395,99.006243
3293,รพ.สต.ตําบลหนองปลาสะวาย อ.บ้านโฮ่ง จ.ลำพูน,ตําบลหนองปลาสะวาย,บ้านโฮ่ง,ลำพูน,18.33706,98.70776
3304,รพ.เชียงแสน  อ.เชียงแสน  จ.เชียงราย,,เชียงแสน,เชียงราย,20.272101,100.077606
3305,รพ.สต.สถาน อ.เชียงของ จ.เชียงราย,สถาน,เชียงของ,เชียงราย,20.21665,100.37964
3307,ห้องประชุม รพ.สต. ห้วยซ้อ อ.เชียงของ จ.เชียงราย,ห้วยซ้อ,เชียงของ,เชียงราย,20.04643,100.29502
3308,องค์การบริหารส่วนตำบลทานตะวัน อ.พาน จ.เชียงราย,,พาน,เชียงราย,19.487,99.794
3310,สำนักงานเทศบาลตำบลสันมะเค็ด  อ.พาน จ.เชียงราย,,พาน,เชียงราย,19.6072717,99.8419167
3312,รพ.เวียงเชียงรุ้ง อ.เวียงเชียงรุ้ง จ.เชียงราย,,เวียงเชียงรุ้ง,เชียงราย,20.01148,100.05973
3314,ศูนย์บริการสาธารณสุขที่ 2 เทศบาลตำบลท่าข้าวเปลือก อ.แม่จัน  จ.เชียงราย,,แม่จัน,เชียงราย,20.1818179,100.0616439
3316,องค์การบริหารส่วนตำบลเกาะช้าง  อ.แม่สาย จ.เชียงราย,,แม่สาย,เชียงราย,20.41623066327428,99.9905355306823
3317,รพ.สต.แม่เย็น อ.พาน จ.เชียงราย,แม่เย็น,พาน,เชียงราย,19.455652,99.75802
3320,โรงพยาบาลแม่จัน อ.แม่จัน จ.เชียงราย,,แม่จัน,เชียงราย,20.13575,99.86316
3321,รพ.ขุนตาล อ.ขุนตาล จ.เชียงราย,,ขุนตาล,เชียงราย,19.911817925597,100.29802263
3322,รพ.สต.ทานตะวัน อ.พาน จ.เชียงราย,ทานตะวัน,พาน,เชียงราย,19.4864809,99.8209396
3323,โรงพยาบาลแม่ลาว อ.แม่ลาว  จ.เชียงราย,,แม่ลาว,เชียงราย,19.76583,99.73855
3324,รพ.สต.บ้านโป่งพระบาท  อ.เมือง   จ.เชียงราย,บ้านโป่งพระบาท,เมือง,เชียงราย,19.97833,99.83619
3325,รพ.สต.บ้านจะคือ อ.เมือง จ.เชียงราย,บ้านจะคือ,เมือง,เชียงราย,20.0318963085876,99.5357517618664
3326,อาคารระเบียงชมฟ้า รพ.แม่ฟ้าหลวง อ.แม่ฟ้าหลวง จ.เชียงราย,,แม่ฟ้าหลวง,เชียงราย,20.25078269970505,99.65105508465886
3327,เทศบาลนครเชียงราย อ.เมือง จ.เชียงราย,,เมือง,เชียงราย,19.9097578,99.8265627
3328,รพ.สต.ธารทอง อ.พาน จ.เชียงราย ,ธารทอง,พาน,เชียงราย,19.712253,99.694576
3330,รพ.สต.บ้านป่าบง อ.พาน จ.เชียงราย,บ้านป่าบง,พาน,เชียงราย,19.666392609117576,99.7787649544552
3331,โรงพยาบาลสมเด็จพระญาณสังวร  อ.เวียงชัย จ.เชียงราย,,เวียงชัย,เชียงราย,19.86236,99.90589
3332,รพ.สต.บ้านด้าย ต.บ้านด้าย อ.แม่สาย จ.เชียงราย,บ้านด้าย,แม่สาย,เชียงราย,20.29396414631162,99.94437159204688
3335,เทศบาลตำบลเวียงพางคำ อ.แม่สาย จ.เชียงราย,,แม่สาย,เชียงราย,20.403658078920937,99.88555686872006
3337,องค์การบริหารส่วนตำบลโป่งผา อ.แม่สาย จ.เชียงราย,,แม่สาย,เชียงราย,20.403567577541935,99.88551395337892
3338,รพ.สต.ห้วยไคร้  อ.แม่สาย จ.เชียงราย,ห้วยไคร้,แม่สาย,เชียงราย,20.277176378151438,99.8645098209929
3339,อบต.ศรีเมืองชุม อ.แม่สาย จ.เชียงราย,ศรีเมืองชุม,แม่สาย,เชียงราย,20.368225,99.9869632
3340,ศูนย์พัฒนาเด็กเล็กเทศบาลตำบลแม่สายมิตรภาพ ต.แม่สาย อ.แม่สาย จ.เชียงราย,แม่สาย,แม่สาย,เชียงราย,20.440056274420744,99.90958683619175
3341,โรงพยาบาลดอยหลวง อ.ดอยหลวง. จ.เชียงราย,,ดอยหลวง.,เชียงราย,20.11713,100.10946
3342,รพ.สต.บ้านทุ่งงิ้ว   อ.เชียงของ  จ.เชียงราย,บ้านทุ่งงิ้ว,เชียงของ,เชียงราย,20.209542,100.403526
3527,สสอ.สบเมย  จ.แม่ฮ่องสอน,,สบเมย,แม่ฮ่องสอน,17.9642,97.93048
3529,รพ.สต.ท่าหินส้ม อ.ขุนยวม จ.แม่ฮ่องสอน,ท่าหินส้ม,ขุนยวม,แม่ฮ่องสอน,18.657852,97.928962
3680,โรงพยาบาลแม่วาง ต.บ้านกาด อ.แม่วาง จ.เชียงใหม่,บ้านกาด,แม่วาง,เชียงใหม่,18.61577,98.77391
3686,สสอ.ดอกคำใต้ ต.ดอนศรีชุม อ.ดอกคำใต้ จ.พะเยา,ดอนศรีชุม,ดอกคำใต้,พะเยา,19.161529224242063,99.99322760129976
3753,ศูนย์บริการสาธารณสุขบ้านกล้วยแพะ ต.กล้วยแพะ อ.เมือง จ.ลำปาง,กล้วยแพะ,เมือง,ลำปาง,18.201369,99.492656
3755,ศูนย์บริการสาธารณสุขบ้านฟ่อน   ต.ชมพู อ.มือง จ.ลำปาง ,ชมพู,มือง,ลำปาง,18.241416,99.436368
3756,บ้านแสนสราญ ต.หนองควาย อ.หางดง จ.เชียงใหม่,หนองควาย,หางดง,เชียงใหม่,18.722077,98.918565
3757,บริษัท วินเซนต์ ออโตเมชั่น จำกัด อ.หางดง จ.เชียงใหม่,,หางดง,เชียงใหม่,18.69638979630119,98.92628157115784
3765,บ้านปอน ต.ปอน อ.ทุ่งช้าง จ.น่าน,ปอน,ทุ่งช้าง,น่าน,19.5206378,100.9249478
3781,ศูนย์ส่งเสริมพฤฒพลังผู้สูงอายุ มช. ต.ช้างคลาน อ.เมือง จ.เชียงใหม่ (outdoor),ช้างคลาน,เมือง,เชียงใหม่ (outdoor),18.762817,99.002805
3786,โรงพยาบาลนาน้อย ต.ศรีษะเกษ อ.นาน้อย จ.น่าน,ศรีษะเกษ,นาน้อย,น่าน,18.3400774,100.7131756
3801,โรงเรียนวัดท่าต้นกวาว อ.สารภี จ.เชียงใหม่,,สารภี,เชียงใหม่,18.71998935000932,99.07129767006937
3820,ศพด.ตำบลตับเต่า (Outdoor) อ.เทิง จ.เชียงราย,,เทิง,เชียงราย,19.758771028649516,100.309046735285
3825,ศพด.แม่ลาว (Outdoor) ต.แม่ลาว อ.เชียงคำ จ.พะเยา,แม่ลาว,เชียงคำ,พะเยา,19.441685895848085,100.35514873106347
3827,ศพด.บ้านแม่หอพระ (Outdoor) ต.แม่หอพระ อ.แม่แตง จ.เชียงใหม่,แม่หอพระ,แม่แตง,เชียงใหม่,19.119628768587823,99.02912664659168
3865,ศพด.บ้านห้วยโก๋น (Outdoor) ต.ห้วยโก๋น อ.เฉลิมพระเกียรติ จ.น่าน,ห้วยโก๋น,เฉลิมพระเกียรติ,น่าน,19.596372505714726,101.08408217957081
3867,ศพด.บ้านปันง้าว (Outdoor) ต.ห้างฉัตร อ.ห้างฉัตร จ.ลำปาง,ห้างฉัตร,ห้างฉัตร,ลำปาง,18.31464,99.365573
3879,ศพด.เทศบาลตำบลสันผักหวาน (Outdoor) ต.สันผักหวาน อ.หางดง จ.เชียงใหม่,สันผักหวาน,หางดง,เชียงใหม่,18.71321310603905,98.94168815769561
3887,ศพด.บ้านหัวแม่คำ (Outdoor) ต.แม่สลองใน อ.แม่ฟ้าหลวง จ.เชียงราย,แม่สลองใน,แม่ฟ้าหลวง,เชียงราย,20.367997600197622,99.46979602512366
4042,รพ.แม่สรวย ต.แม่พริก อ.แม่สรวย จ.เชียงราย,แม่พริก,แม่สรวย,เชียงราย,19.642196,99.525286
4417,รร.บ้านสันป่าสัก อ.ลี้ จ.ลำพูน,,ลี้,ลำพูน,17.96073,98.89393
4421,อาคาร 30 ปี คณะวิทยาศาสตร์ ม.เชียงใหม่ (ตึก SCB1 CMU),,,,18.801686,98.953549
4426,สถาบันวิจัยพหุศาสตร์ มช. ต.สุเทพ อ.เมือง จ.เชียงใหม่,สุเทพ,เมือง,เชียงใหม่,18.794816546986155,98.95757312001507
4427,โรงอาหารคณะวิศวกรรมศาสตร์ มช. ต.สุเทพ อ.เมือง จ.เชียงใหม่,สุเทพ,เมือง,เชียงใหม่,18.795325038620216,98.95094496860655
4437,รพ.พาน ต.ม่วงคำ อ.พาน จ.เชียงราย,ม่วงคำ,พาน,เชียงราย,19.521356,99.744233
4438,ศูนย์พัฒนาเด็กเล็กบ้านเป้า อ.แม่แตง จ. เชียงใหม่,,แม่แตง,เชียงใหม่,19.192952,99.0046843
4439,สำนักบริการวิชาการ มหาวิทยาลัยเชียงใหม่,,,,18.794037294157402,98.9668342789135
4442,สนามกีฬากลาง 60 ปี ม.เชียงใหม่,,,,18.79747626697297,98.95655201349535
4445,ศูนย์พัฒนาการจัดสวัสดิการสังคมผู้สูงอายุบ้านธรรมปกรณ์ (เชียงใหม่) เลขที่ 1 ถ.มูลเมือง อ.เมือง จ.เชียงใหม่,,เมือง,เชียงใหม่,18.782122,98.992557
4454,เทศบาลตำบลลี้ ต.ลี้ อ.ลี้ จ.ลำพูน,ลี้,ลี้,ลำพูน,17.769716995712823,98.9623558586064
5005,สสอ. แม่ใจ จ. พะเยา,,แม่ใจ,พะเยา,19.3420596,99.8152521
5016,รพ.แพร่ ต.ในเวียง อ.เมือง จ.แพร่,ในเวียง,เมือง,แพร่,18.1331585,100.1545941
5019,รพ.สมเด็จพระยุพราชเด่นชัย ต.เด่นชัย อ.เด่นชัย จ.แพร่,เด่นชัย,เด่นชัย,แพร่,17.982854,100.054273
5020,รพ.สอง ต.บ้านหนุน อ.สอง จ.แพร่,บ้านหนุน,สอง,แพร่,18.460248,100.1823043
5021,รพ.ลอง ต.ห้วยอ้อ อ.ลอง จ.แพร่,ห้วยอ้อ,ลอง,แพร่,18.0896667,99.8438863
5024,รพ.แม่ลาน้อย ต.แม่ลาน้อย อ.แม่ลาน้อย จ.แม่ฮ่องสอน,แม่ลาน้อย,แม่ลาน้อย,แม่ฮ่องสอน,18.379953,97.943007
5044,รพ.สต.ต่อแพ ต.แม่เงา อ.ขุนยวม จ.แม่ฮ่องสอน ,ต่อแพ,ขุนยวม,แม่ฮ่องสอน,18.805850,97.905148
5049,รพ.ปง ต.นาปรัง อ.ปง จ.พะเยา ,นาปรัง,ปง,พะเยา,19.172891,100.2858163
5054,รพ.แม่แตง ต.สันมหาพน อ.แม่แตง จ.เชียงใหม่,สันมหาพน,แม่แตง,เชียงใหม่,19.137406,98.959848
5075,รพ.สต.แม่ลาหลวง ต.แม่ลาหลวง อ.แม่ลาน้อย จ.แม่ฮ่องสอน,แม่ลาหลวง,แม่ลาน้อย,แม่ฮ่องสอน,18.531887,97.934792
5248,รพ.แม่อาย ต.แม่อาย อ.แม่อาย จ.เชียงใหม่ ,แม่อาย,แม่อาย,เชียงใหม่,20.040,99.3024
5263,ประตูหน้า มช. ต.สุเทพ อ.เมือง จ.เชียงใหม่,สุเทพ,เมือง,เชียงใหม่,18.808056,98.954797
5264,คณะมนุษยศาสตร์ มช. (HB5) ต.สุเทพ อ.เมือง จ.เชียงใหม่,สุเทพ,เมือง,เชียงใหม่,18.804263,98.950252
5265,อาคาร 40 ปี คณะวิทยาศาสตร์ มช. ต.สุเทพ อ.เมือง จ.เชียงใหม่,สุเทพ,เมือง,เชียงใหม่,18.801472,98.956191
5267,คณะการสื่อสารมวลชน มช. ต.สุเทพ อ.เมือง จ.เชียงใหม่,สุเทพ,เมือง,เชียงใหม่,18.801524,98.947505
5269,รพ.สูงเม่น ต.พระหลวง อ.สูงเม่น จ.แพร่,พระหลวง,สูงเม่น,แพร่,18.074608070829743,100.11718445332015
5271,คณะบริหารธุรกิจ มช. ต.สุเทพ อ.เมือง จ.เชียงใหม่,สุเทพ,เมือง,เชียงใหม่,18.794239,98.956888
5281,คณะสังคมศาสตร์ มช. ต.สุเทพ อ.เมือง จ.เชียงใหม่,สุเทพ,เมือง,เชียงใหม่,18.802947,98.949526
5288,จุดเฝ้าระวังฝุ่น PM ต.เหมืองจี้ อ.เมือง บ้านฝั่งหมิ่น จ.ลำพูน,เหมืองจี้,เมือง บ้านฝั่งหมิ่น,ลำพูน,18.436577,98.955827
5289,ศูนย์สุขภาพชุมชนลี้ ต.ลี้ อ.ลี้ จ.ลำพูน,ลี้,ลี้,ลำพูน,17.804074,98.948334
5299,บ้านทุ่งยั้ง ต.ผางาม อ.เวียงชัย จ.เชียงราย,ผางาม,เวียงชัย,เชียงราย,19.912501,100.073169
5300,สสอ.เวียงเชียงรุ้ง ต.ทุ่งก่อ อ.เวียงเชียงรุ้ง จ.เชียงราย ,ทุ่งก่อ,เวียงเชียงรุ้ง,เชียงราย,20.003012,100.040616
5301,รพ.สต.บ้านดงมะตื๋น ต.ผางาม อ.เวียงชัย จ.เชียงราย,บ้านดงมะตื๋น,เวียงชัย,เชียงราย,19.91158898,100.0569695
5317,รพ.ขุนยวม ต.ขุนยวม อ.ขุนยวม จ.แม่ฮ่องสอน,ขุนยวม,ขุนยวม,แม่ฮ่องสอน,18.8319272,97.9373730
5320,องค์การบริหารส่วนจังหวัดแพร่ ต.ในเวียง อ.เมืองแพร่ จ.แพร่,ในเวียง,เมืองแพร่,แพร่,18.150909,100.157705
5327,โรงพยาบาลอมก๋อย ต.อมก๋อย อ.อมก๋อย จ.เชียงใหม่,อมก๋อย,อมก๋อย,เชียงใหม่,17.802110204220725,98.36122052884491
5337,CR014 (Outdoor) ต.ห้วยทราย อ.สันกำแพง จ.เชียงใหม่ ,ห้วยทราย,สันกำแพง,เชียงใหม่,18.8012997,99.1714686
5338,CR012 (Outdoor) ต.ห้วยทราย อ.สันกำแพง จ.เชียงใหม่ (Outdoor),ห้วยทราย,สันกำแพง,เชียงใหม่ (Outdoor),18.7866714,99.162726
5340,CR013  (Outdoor) ต.ห้วยทราย อ.สันกำแพง จ.เชียงใหม่,ห้วยทราย,สันกำแพง,เชียงใหม่,18.7802736,99.1601957
5342,อาคาร HPB4 ศูนย์การศึกษามหาวิทยาลัยเชียงใหม่ หริภุญไชย ต.ศรีบัวบาน อ.เมือง จ.ลำพูน,ศรีบัวบาน,เมือง,ลำพูน,18.50866231,99.11610468
5379,สระว่ายน้ำ สนามกีฬา 700 ปี ต.ดอนแก้ว อ.แม่ริม จ.เชียงใหม่,ดอนแก้ว,แม่ริม,เชียงใหม่,18.841364,98.963876
5388,ศูนย์บริการสาธารณสุขบ้านโทกหัวช้าง ต.พระบาท อ.เมือง จ.ลำปาง ,พระบาท,เมือง,ลำปาง,18.245040518913502,99.51063558384749
5401,อบต.ศรีถ้อย ต.ศรีถ้อย อ.แม่สรวย จ.เชียงราย (กอ.รมน. เชียงราย),ศรีถ้อย,แม่สรวย,เชียงราย (ก,19.614124,99.478223
5402,รพ.เทิง ต.เวียง อ.เทิง จ.เชียงราย,เวียง,เทิง,เชียงราย,19.69047601914004,100.1762888823731
5403,รพ.สต.บ้านงิ้วเฒ่า ต.ป่าหุ่ง อ.พาน จ.เชียงราย,บ้านงิ้วเฒ่า,พาน,เชียงราย,19.445614981042716,99.63698804406799
5407,ที่ว่าการอำเภอบ้านโฮ่ง จ.ลำพูน (กอ.รมน. ลำพูน),,รมน. ลำพูน),ลำพูน (ก,18.331694,98.818839
5413,บ้านกาญจน์กนก 2 เฟส 3   ต.สันปูเลย อ.ดอยสะเก็ด จ.เชียงใหม่,สันปูเลย,ดอยสะเก็ด,เชียงใหม่,18.7976227,99.0688055
5443,รพ.สต.แม่แดดน้อย ต.แม่แดด อ.กัลยาณิวัฒนา จ.เชียงใหม่,แม่แดดน้อย,กัลยาณิวัฒนา,เชียงใหม่,18.963982496445126,98.41647016605216
5450,ทต.วังเหนือ ต.วังเหนือ อ.วังเหนือ จ.ลำปาง,วังเหนือ,วังเหนือ,ลำปาง,19.145507458171473,99.62133536390118
5454,ศูนย์บริการสาธารณสุขบ้านกาด ต.ปงแสน อ.เมือง จ.ลำปาง,ปงแสน,เมือง,ลำปาง,18.27235386296293,99.409150681999
5456,ทต.ไหล่หิน ต.ไหล่หิน อ.เกาะคา จ.ลำปาง ,ไหล่หิน,เกาะคา,ลำปาง,18.21688215,99.34114796
5511,รพ.สันป่าตอง(2) ต.ยุหว่า อ.สันป่าตอง จ.เชียงใหม่,ยุหว่า,สันป่าตอง,เชียงใหม่,18.5958576234368,98.8853748473382
5512,ชุมชนสวนดอก ต.สุเทพ อ.เมือง จ.เชียงใหม่,สุเทพ,เมือง,เชียงใหม่,18.786698,98.9684718
5516,รร.บ้านปางเฟือง จ.เชียงใหม่,,,เชียงใหม่,19.482408,99.017969
5518,บ้านหัวโท ม. 6 ต.ปิงโค้ง อ.เชียงดาว จ.เชียงใหม่,ปิงโค้ง,เชียงดาว,เชียงใหม่,19.574319,99.089211
5521,รร.บ้านออน จ.เชียงใหม่,,,เชียงใหม่,19.511793,99.09037
5525,รพ.สต.บ้านเมืองงาย ต.เมืองงาย อ.เชียงดาว จ.เชียงใหม่,บ้านเมืองงาย,เชียงดาว,เชียงใหม่,19.4520146,98.9585034
5529,รพ.สต.บ้านปางมะเยา ต.ปิงโค้ง อ.เชียงดาว จ.เชียงใหม่,บ้านปางมะเยา,เชียงดาว,เชียงใหม่,19.43414,99.0747413
5531,รพ.สต.บ้านทุ่งข้าวพวง จ.เชียงใหม่,บ้านทุ่งข้าวพวง,,เชียงใหม่,19.5530432,98.9559166
5533,รพ.สต.บ้านปางเฟือง จ.เชียงใหม่,บ้านปางเฟือง,,เชียงใหม่,19.4657633,99.0112204
5558,รพ.แม่ออน ต.บ้านสหกรณ์ อ.แม่ออน จ.เชียงใหม่,บ้านสหกรณ์,แม่ออน,เชียงใหม่,18.744605,99.221795
5582,รพ.สต.บ้านปงตำ ต.ปงตำ อ.ไชยปราการ จ.เชียงใหม่,บ้านปงตำ,ไชยปราการ,เชียงใหม่,19.74707,99.143485
5619,สสอ.ขุนยวม ต.ขุนยวม อ.ขุนยวม จ.แม่ฮ่องสอน,ขุนยวม,ขุนยวม,แม่ฮ่องสอน,18.822661,97.93548
5620,สำนักงานสาธารณสุขอำเภอแม่ลาน้อย จ.แม่ฮ่องสอน,,,แม่ฮ่องสอน,18.383758,97.93692
5621,รพ.สต.แม่ฮี้ ต.แม่ฮี้ อ.ปาย จ.แม่ฮ่องสอน,แม่ฮี้,ปาย,แม่ฮ่องสอน,19.342379,98.449871
5660,รร.อนุบาลมยุรี ต.แม่เหียะ อ.เมือง จ.เชียงใหม่,แม่เหียะ,เมือง,เชียงใหม่,18.7518481,98.968845
5665,รพ.สันกำแพง ต.บวกค้าง อ.สันกำแพง จ.เชียงใหม่,บวกค้าง,สันกำแพง,เชียงใหม่,18.715904,99.122371
5682,ค่ายโสณบัณฑิตย์ ร.7 พัน.5 จ.แม่ฮ่องสอน,,,แม่ฮ่องสอน,19.37599579586817,98.42827364232743
5683,รร.บ้านน้ำฮู ต.เวียงใต้ อ.ปาย จ.แม่ฮ่องสอน,เวียงใต้,ปาย,แม่ฮ่องสอน,19.3638118597,98.4121274816546
5687,จุดเฝ้าระวังฝุ่น PM ทต.เหมืองจี้ อ.เมือง จ.ลำพูน,เหมืองจี้,เมือง,ลำพูน,18.468568,98.967791
5692,รพ.บ้านหลวง ต.สวด อ.บ้านหลวง จ.น่าน,สวด,บ้านหลวง,น่าน,18.851955,100.436006
5696,รร.บ้านคุณแม่ ต.หนองควาย อ.หางดง จ.เชียงใหม่,หนองควาย,หางดง,เชียงใหม่,18.7304001,98.9287885
5697,อบต.เวียงใต้ อ.ปาย จ.แม่ฮ่องสอน,เวียงใต้,ปาย,แม่ฮ่องสอน,19.357276,98.434218
5698,รพ.ปางมะผ้า ต.สบป่อง อ.ปางมะผ้า จ.แม่ฮ่องสอน,สบป่อง,ปางมะผ้า,แม่ฮ่องสอน,19.5245954,98.2427676
5702,เทศบาลตำบลทุ่งหัวช้าง จ.ลำพูน,,,ลำพูน,18.0022666,99.0276129
5709,สสอ.จอมทอง ต.ดอยแก้ว อ.จอมทอง จ.เชียงใหม่,ดอยแก้ว,จอมทอง,เชียงใหม่,18.41788057876232,98.67689516137081
5711,รพ.วังชิ้น ต.วังชิ้น อ.วังชิ้น จ.แพร่,วังชิ้น,วังชิ้น,แพร่,17.8892929,99.5984095
5712,รพ.ฮอด ต.หางดง อ.ฮอด จ.เชียงใหม่,หางดง,ฮอด,เชียงใหม่,18.1794421,98.6119711
5713,รพ.สต.บ้านอรุโณทัย อ.เชียงดาว จ.เชียงใหม่,บ้านอรุโณทัย,เชียงดาว,เชียงใหม่,19.745513,98.9644923
5714,รพ.ดอยหล่อ ต.ดอยหล่อ อ.ดอยหล่อ จ.เชียงใหม่,ดอยหล่อ,ดอยหล่อ,เชียงใหม่,18.47771243893752,98.78072604442652
5723,สถาบันนโยบายสาธารณะ มช. ต.สุเทพ อ.เมือง จ.เชียงใหม่,สุเทพ,เมือง,เชียงใหม่,18.807978885085348,98.95296986794938
5733,โรงพยาบาลธัญญารักษ์แม่ฮ่องสอน ต.ปางหมู อ.เมือง จ.แม่ฮ่องสอน,ปางหมู,เมือง,แม่ฮ่องสอน,19.313395138446182,97.98737882883529
5734,บ้านดอยสันเกี๋ยง ต.ช่างเคิ่ง อ.แม่แจ่ม จ.เชียงใหม่,ช่างเคิ่ง,แม่แจ่ม,เชียงใหม่,18.514229,98.401769
5761,สำนักงานสาธารณสุขอำเภอแม่ริม  อ.แม่ริม จ.เชียงใหม่,,แม่ริม,เชียงใหม่,18.912724318,98.9456009
5767,อาคารศูนย์จ่ายกลาง รพ. นครพิงค์  อ.แม่ริม จ.เชียงใหม่,,แม่ริม,เชียงใหม่,18.8508373,98.9659683
6135,สสอ.อมก๋อย จ.เชียงใหม่,,อมก๋อย,เชียงใหม่,17.7994745,98.3567972
6159,รพ.สต.ห้วยสิงห์ อ.แม่สะเรียง จ.แม่ฮ่องสอน,ห้วยสิงห์,แม่สะเรียง,แม่ฮ่องสอน,18.062980084502897,97.91765149380238
6301,รพ.ฟากท่า ต.ฟากท่า อ.ฟากท่า จ.อุตรดิตถ์,ฟากท่า,ฟากท่า,อุตรดิตถ์,18.003028470578386,100.88328877419809
6306,รพ.ตรอน ต.บ้านแก่ง อ.ตรอน จ.อุตรดิตถ์,บ้านแก่ง,ตรอน,อุตรดิตถ์,17.445823,100.14284
6333,รพ.สต.ป่าซาง ต.ป่าซาง อ.เวียงเชียงรุ้ง จ.เชียงราย,ป่าซาง,เวียงเชียงรุ้ง,เชียงราย,20.0282086691632,100.09556942192535
6336,รพ.สต.ดงมหาวัน ต.ดงมหาวัน อ.เวียงเชียงรุ้ง จ.เชียงราย,ดงมหาวัน,เวียงเชียงรุ้ง,เชียงราย,20.029084806642647,99.99488635338875
6349,สสอ.ฮอด ต.หางดง อ.ฮอด จ.เชียงใหม่,หางดง,ฮอด,เชียงใหม่,18.19170811,98.61119994
6353,รพ.สต.บ้านขามสุ่มป่า จ.เชียงใหม่,บ้านขามสุ่มป่า,,เชียงใหม่,19.4115661,99.1934428
6366,รพ.เชียงคำ อ.เชียงคำ จ.พะเยา,,เชียงคำ,พะเยา,19.518383794438453,100.29619735320777
6385,รพ.สต.เหมืองจี้ ต.เหมืองจี้ อ.เมือง จ.ลำพูน,เหมืองจี้,เมือง,ลำพูน,18.49372,98.95817
6394,รพ.สต.เวียงยอง ต.เวียงยอง อ.เมือง จ.ลำพูน,เวียงยอง,เมือง,ลำพูน,18.576622,99.017626
6398,รพ.สต.บ้านม้า ต.ศรีบัวบาน อ.เมือง จ.ลำพูน ,บ้านม้า,เมือง,ลำพูน,18.546122644400086,99.06588558465886
6478,สสอ.ดอยเต่า ต.ดอยเต่า อ.ดอยเต่า จ.เชียงใหม่,ดอยเต่า,ดอยเต่า,เชียงใหม่,17.954082621913535,98.68502870160678
6615,อาคารศูนย์การแพทย์เทศบาลตำบลสันนาเม็ง(2) อ.สันทราย จ.เชียงใหม่,,สันทราย,เชียงใหม่,18.837483277808406,99.05656861713088
6712,รพ.สต.แม่ปาง ต.สันติคีรี อ.แม่ลาน้อย จ.แม่ฮ่องสอน,แม่ปาง,แม่ลาน้อย,แม่ฮ่องสอน,18.4628954216507,97.9477869719266
6719,องค์การบริหารส่วนตำบลแสนทอง  อ.ท่าวังผา จ.น่าน,,ท่าวังผา,น่าน,19.13539,100.78569
6720,องค์การบริหารส่วนตำบลร่องเคาะ อ.วังเหนือ จ.ลำปาง,,วังเหนือ,ลำปาง,18.9820744,99.528252
6725,อบต.สบเปิง อ.แม่แตง จ.เชียงใหม่,สบเปิง,แม่แตง,เชียงใหม่,19.096763,98.848482
6726,องค์การบริหารส่วนตำบลทาเหนือ อ.แม่ออน จ.เชียงใหม่,,แม่ออน,เชียงใหม่,18.664556,99.292083
6728,องค์การบริหารส่วนตำบลเทพเสด็จ อ.ดอยสะเก็ด จ.เชียงใหม่ ,,ดอยสะเก็ด,เชียงใหม่,18.92129,99.33032
6729,เทศบาลตำบลออนใต้ อ.สันกำแพง จ.เชียงใหม่,,สันกำแพง,เชียงใหม่,18.734851,99.20742
6738,อาคารหน่วยปฏิบัติการกู้ชีพ-กู้ภัย อบต.ปิงหลวง อ.นาหมื่น จ.น่าน,ปิงหลวง,นาหมื่น,น่าน,18.1736787877308,100.502837508791
6740,รพ.สบปราบ ต.สบปราบ อ.สบปราบ จ.ลำปาง,สบปราบ,สบปราบ,ลำปาง,17.879619758624656,99.34006093260246
6751,โรงพยาบาลเชียงดาว ต.เชียงดาว อ.เชียงดาว จ.เชียงใหม่,เชียงดาว,เชียงดาว,เชียงใหม่,19.403928,98.973821
6754,วัดแม่แมะ ต.เชียงดาว อ.เชียงดาว จ.เชียงใหม่,เชียงดาว,เชียงดาว,เชียงใหม่,19.3183,98.890294
6760,สำนักงานสาธารณสุขจังหวัดพะเยา ต.บ้านต๋อม อ.เมือง จ.พะเยา,บ้านต๋อม,เมือง,พะเยา,19.1925497590461,99.8796059110476
6764,รพ.สต.นาปู่ป้อม อ.ปางมะผ้า จ.เเม่ฮ่องสอน,นาปู่ป้อม,ปางมะผ้า,เเม่ฮ่องสอน,19.650577,98.093104
6765,รพ.สต.ถ้ำลอด ต.ถ้ำลอด อ.ปางมะผ้า จ.แม่ฮ่องสอน,ถ้ำลอด,ปางมะผ้า,แม่ฮ่องสอน,19.5750358,98.2776595
6766,รพ.สต.บ้านแม่ละนา ต.ปางมะผ้า อ.ปางมะผ้า จ.แม่ฮ่องสอน,บ้านแม่ละนา,ปางมะผ้า,แม่ฮ่องสอน,19.5930461,98.2170018
6767,รพ.สต.บ้านน้ำฮูผาเสื่อ ต.นาปู่ป้อม อ.ปางมะผ้า จ. แม่ฮ่องสอน ,บ้านน้ำฮูผาเสื่อ,ปางมะผ้า,แม่ฮ่องสอน,19.6105194,98.1447804
6768,สสอ.ปางมะผ้า ต.สบป่อง อ.ปางมะผ้า จ.แม่ฮ่องสอน,สบป่อง,ปางมะผ้า,แม่ฮ่องสอน,19.51908,98.25993
6769,สำนักงานสาธารณสุขอำเภอปาย ต.เวียงใต้ อ.ปาย จังหวัดแม่ฮ่องสอน,เวียงใต้,ปาย จังหวัดแม่ฮ่องสอน,,19.36483,98.43067
6780,รพ.ดอยสะเก็ด ต.เชิงดอย อ.ดอยสะเก็ด จ. เชียงใหม่,เชิงดอย,ดอยสะเก็ด,เชียงใหม่,18.869024,99.12833
6781,โรงพยาบาลสันทราย ต.หนองหาร อ.สันทราย จ.เชียงใหม่,หนองหาร,สันทราย,เชียงใหม่,18.92136,98.99441
6782,โรงพยาบาลสะเมิง ต.สะเมิงใต้ อ.สะเมิง จ.เชียงใหม่,สะเมิงใต้,สะเมิง,เชียงใหม่,18.84665,98.732259
6789,สำนักงานเทศบาลตำบลก้อ อ.ลี้ จ.ลำพูน,,ลี้,ลำพูน,17.63939,98.78532
6800,CR009 (Outdoor) ต.สันกำแพง อ.สันกำแพง จ.เชียงใหม่ ,สันกำแพง,สันกำแพง,เชียงใหม่,18.7467550239948,99.1126392023383
7043,นิคมชุมชนเกษตร ต.บ้านดง อ.แม่เมาะ จ.ลำปาง,บ้านดง,แม่เมาะ,ลำปาง,18.422951683606062,99.73858451914398
7082,สถานีวิจัยสัตว์ป่าดอยเชียงดาว ต.เชียงดาว อ.เชียงดาว จ.เชียงใหม่,เชียงดาว,เชียงดาว,เชียงใหม่,19.361211,98.920519
7116,บ้านแม่ปั๋ง ต.แม่ปั๋ง อ.พร้าว จ.เชียงใหม่,แม่ปั๋ง,พร้าว,เชียงใหม่,19.216876,99.183017
7126,หน่วยพิทักษ์ป่าสบห้วยผาตั้ง-นาเลา ต.เชียงดาว อ.เชียงดาว จ.เชียงใหม่,เชียงดาว,เชียงดาว,เชียงใหม่,19.413831,98.914826
7136,บ้านหนองครก ต.สันทราย อ.พร้าว จ.เชียงใหม่,สันทราย,พร้าว,เชียงใหม่,19.416707,99.158088
7156,บ้านผาแดง ต.แม่ปั๋ง อ.พร้าว จ.เชียงใหม่,แม่ปั๋ง,พร้าว,เชียงใหม่,19.22102,99.157458
7166,วัดวังตม หมู่บ้านวังตม ต.จางเหนือ อ.แม่เมาะ จ.ลำปาง,จางเหนือ,แม่เมาะ,ลำปาง,18.491297,99.969985
7171,วัดปงแท่น หมู่บ้านปงแท่น ต.จางเหนือ อ.แม่เมาะ จ.ลำปาง,จางเหนือ,แม่เมาะ,ลำปาง,18.357949,99.892538
